,Castle 1,Castle 2,Castle 3,Castle 4,Castle 5,Castle 6,Castle 7,Castle 8,Castle 9,Castle 10,cluster
0,2,2,2,2,6,18,2,28,36,2,2
1,1,2,1,11,19,27,37,1,1,1,1
2,2,2,4,5,6,22,6,22,22,8,2
3,2,2,4,6,6,10,11,14,17,28,3
4,1,2,2,3,16,22,1,1,33,20,0
5,2,2,11,12,12,16,16,17,6,6,1
6,1,2,1,9,3,1,24,28,31,1,2
7,1,2,5,8,9,11,12,15,16,19,3
8,4,2,14,13,13,2,15,15,10,10,3
9,2,2,5,20,4,20,4,20,4,20,3
10,1,2,12,14,7,16,18,20,3,5,1
11,1,2,1,3,5,20,21,33,7,7,1
12,3,2,12,14,5,19,23,12,6,4,1
13,4,2,0,0,0,0,0,31,31,31,0
14,1,2,6,10,14,15,23,24,3,3,1
15,1,2,1,2,1,15,21,26,31,1,2
16,1,2,1,21,1,1,21,21,31,1,2
17,1,2,0,0,1,14,33,33,14,2,1
18,1,2,1,1,1,19,19,19,19,19,3
19,3,2,7,9,11,2,16,19,15,14,3
20,1,2,1,1,23,23,24,24,1,1,1
21,3,2,3,3,3,10,15,20,30,10,2
22,1,2,2,8,10,15,17,19,23,3,2
23,4,2,7,4,4,4,32,34,4,4,1
24,2,2,3,14,2,16,2,4,32,23,0
25,2,2,4,5,7,9,26,33,6,5,1
26,4,2,4,4,16,4,16,29,16,4,2
27,6,2,7,0,0,0,22,26,0,36,3
28,3,2,6,10,13,18,29,7,6,5,1
29,2,2,9,9,12,2,29,28,2,3,1
30,1,2,1,1,1,5,5,10,25,50,0
31,2,2,5,8,10,11,12,14,16,18,3
32,1,2,1,1,1,1,90,1,1,1,1
33,1,2,1,2,14,15,2,28,32,4,2
34,4,2,7,9,11,13,14,16,13,11,3
35,1,2,5,7,9,11,13,15,17,19,3
36,4,2,4,5,5,16,5,5,21,32,0
37,1,2,6,11,11,17,17,17,11,6,1
38,2,2,6,12,12,2,21,3,31,8,2
39,1,2,3,5,10,18,24,30,4,4,1
40,3,2,4,4,6,8,11,11,23,27,0
41,2,2,4,6,8,9,18,20,12,18,3
42,1,2,10,0,0,0,0,29,29,29,0
43,1,2,9,4,6,14,9,8,21,26,0
44,2,2,3,12,15,7,14,14,17,13,3
45,1,2,2,2,2,2,29,29,29,2,2
46,1,2,5,5,5,5,5,32,5,34,3
47,1,2,4,4,22,22,17,17,6,6,1
48,1,2,6,6,11,11,6,27,22,6,2
49,4,2,5,10,10,17,16,16,4,16,3
50,3,2,4,14,20,3,21,3,26,3,2
51,4,2,4,4,4,24,24,24,4,4,1
52,1,2,8,12,13,1,27,31,2,2,1
53,2,2,6,7,9,11,13,14,16,18,3
54,1,2,1,1,1,17,17,20,39,2,2
55,3,2,9,15,19,23,29,0,0,0,1
56,1,2,1,1,2,7,10,20,35,22,0
57,1,2,0,0,0,0,0,32,32,33,0
58,2,2,5,7,9,11,13,15,16,18,3
59,1,2,9,10,1,13,16,17,14,15,3
60,4,2,1,1,1,0,0,30,30,30,0
61,4,2,0,0,0,0,0,31,31,31,0
62,2,2,9,11,16,10,30,5,8,7,1
63,3,2,1,1,1,1,10,35,44,1,2
64,1,2,1,2,7,18,20,22,23,5,2
65,1,2,0,20,20,0,0,0,34,24,0
66,1,2,0,18,18,3,3,3,31,22,0
67,2,2,4,0,22,10,12,13,0,35,3
68,1,2,1,1,1,4,30,30,30,1,2
69,3,2,3,3,13,18,21,32,2,2,1
70,1,2,5,11,15,3,3,27,31,2,2
71,3,2,5,5,8,21,6,23,4,21,3
72,1,2,2,3,4,21,27,28,6,7,1
73,1,2,9,13,18,20,15,11,7,3,1
74,1,2,6,7,9,11,13,15,16,21,3
75,3,2,6,9,9,10,19,15,11,14,3
76,1,2,3,16,20,3,3,3,31,18,0
77,1,2,1,15,1,20,1,28,2,30,3
78,2,2,2,18,18,18,18,18,2,2,1
79,3,2,4,6,7,9,15,25,27,1,2
80,1,2,3,6,9,14,16,17,16,16,3
81,4,2,4,5,11,17,23,27,3,3,1
82,1,2,4,8,10,13,16,19,16,12,3
83,3,2,6,11,11,1,28,31,2,3,1
84,1,2,7,1,18,20,2,23,25,2,2
85,2,2,5,5,11,16,21,26,5,6,1
86,2,2,5,7,9,11,12,15,16,19,3
87,1,2,5,7,9,11,13,15,17,19,3
88,1,2,1,1,14,19,29,29,2,2,1
89,2,2,2,2,14,19,24,31,2,2,1
90,1,2,1,1,1,5,10,15,25,40,0
91,1,2,15,20,1,16,22,22,1,1,1
92,1,2,3,5,7,15,30,33,2,2,1
93,2,2,3,3,20,20,20,20,5,5,1
94,1,2,0,7,8,22,0,29,31,0,2
95,1,2,0,2,1,0,17,21,26,30,0
96,1,2,2,15,11,3,8,23,34,2,2
97,2,2,8,11,11,13,14,16,21,2,2
98,1,2,1,1,17,20,1,26,31,1,2
99,1,2,6,14,18,24,34,0,0,0,1
100,4,2,4,10,13,14,17,16,8,10,1
101,2,2,5,5,14,2,16,19,4,31,3
102,2,2,3,3,21,17,2,3,24,22,0
103,1,2,1,1,1,20,1,1,34,39,0
104,1,2,1,2,4,5,36,36,12,2,1
105,5,2,5,3,3,20,1,2,28,31,0
106,3,2,14,4,18,15,3,15,4,21,3
107,1,2,2,16,19,3,3,3,25,26,0
108,2,2,1,5,16,28,6,9,18,12,3
109,1,2,3,4,4,16,18,24,27,2,2
110,1,2,2,2,26,10,15,15,26,2,2
111,1,2,0,0,0,13,17,19,22,26,3
112,1,2,1,1,1,23,23,24,24,1,2
113,2,2,2,11,16,16,26,16,5,4,1
114,2,2,4,4,21,21,21,22,1,1,1
115,4,2,5,10,25,0,0,0,30,25,0
116,1,2,0,0,0,0,0,0,97,0,2
117,3,2,9,11,14,15,19,23,2,2,1
118,1,2,1,6,7,20,27,35,1,1,1
119,1,2,0,14,20,2,2,2,28,29,0
120,1,2,0,1,1,5,10,25,54,1,2
121,1,2,8,10,13,1,26,30,4,6,1
122,3,2,5,5,3,16,17,16,16,16,3
123,1,2,1,1,22,25,5,5,23,16,3
124,2,2,0,11,3,20,23,4,29,6,2
125,1,2,0,0,0,0,0,97,0,0,1
126,2,2,2,10,1,1,25,25,30,2,2
127,1,2,2,11,16,3,4,1,28,32,0
128,1,2,1,1,10,10,2,20,20,34,0
129,2,2,2,2,11,11,2,22,44,2,2
130,2,2,4,7,9,11,14,15,17,19,3
131,1,2,9,15,0,20,25,29,0,0,1
132,1,2,0,4,11,14,20,25,23,0,2
133,1,2,1,21,1,1,22,24,26,2,2
134,1,2,1,7,4,12,32,3,34,3,2
135,1,2,1,6,22,12,8,14,6,29,3
136,2,2,2,5,12,2,5,28,32,10,2
137,1,2,12,1,1,20,1,1,34,28,0
138,3,2,4,11,12,16,20,21,4,5,1
139,2,2,0,5,7,12,16,18,18,19,3
140,1,2,5,7,9,11,13,15,17,19,3
141,1,2,13,9,2,2,23,22,2,25,3
142,1,2,1,1,15,15,20,25,20,1,2
143,2,2,1,1,1,1,1,23,33,36,0
144,3,2,5,6,9,12,16,21,23,1,2
145,1,2,15,1,15,1,20,2,20,24,3
146,2,2,2,8,9,11,12,18,18,18,3
147,3,2,3,3,15,18,3,24,27,3,2
148,1,2,1,11,13,4,29,32,4,4,1
149,1,2,1,14,12,12,14,14,30,1,2
150,1,2,1,11,2,21,3,26,3,31,3
151,2,2,9,12,14,16,2,2,2,39,3
152,2,2,2,7,7,27,27,2,10,14,3
153,1,2,1,1,23,23,23,23,2,2,1
154,3,2,1,1,1,1,2,26,27,37,0
155,1,2,4,4,10,12,14,16,18,20,3
156,3,2,7,2,2,15,19,21,0,29,3
157,2,2,5,13,16,1,7,16,33,5,2
158,1,2,1,1,1,3,33,20,20,19,3
159,1,2,1,2,8,10,20,25,30,2,2
160,1,2,13,21,25,34,1,1,1,1,1
161,2,2,2,7,11,14,17,17,15,13,3
162,1,2,9,9,1,15,2,2,29,31,0
163,3,2,11,11,4,4,19,20,21,4,2
164,1,2,1,2,2,2,23,23,23,23,3
165,1,2,2,11,3,26,2,27,26,1,2
166,5,2,0,0,0,0,0,32,31,31,0
167,3,2,6,13,15,17,4,15,15,9,3
168,1,2,1,15,16,13,3,1,21,28,0
169,2,2,8,12,3,19,2,6,12,33,3
170,2,2,5,7,9,11,13,15,16,18,3
171,3,2,3,6,6,25,25,27,1,1,1
172,2,2,5,7,12,17,20,25,5,4,1
173,1,2,4,5,31,5,7,7,7,31,3
174,2,2,4,0,6,15,10,26,34,0,2
175,1,2,3,4,4,7,8,13,20,37,0
176,1,2,8,10,16,16,22,24,1,1,1
177,1,2,1,1,1,1,19,22,25,28,0
178,1,2,2,12,3,18,4,24,5,30,3
179,1,2,1,2,3,26,30,30,3,3,1
180,1,2,2,2,2,16,16,30,3,27,3
181,1,2,0,2,21,22,3,24,26,0,2
182,3,2,4,4,12,12,27,27,4,4,1
183,1,2,1,1,11,12,15,17,19,22,3
184,1,2,0,0,0,0,28,0,35,35,0
185,2,2,2,5,9,11,11,11,11,36,3
186,1,2,6,3,23,18,1,23,21,1,2
187,1,2,1,9,11,14,17,18,15,13,3
188,5,2,6,20,24,7,7,20,4,5,1
189,1,2,5,5,5,15,15,20,30,1,2
190,1,2,1,11,16,21,21,26,1,1,1
191,2,2,4,12,1,24,4,26,2,22,3
192,1,2,2,2,6,9,18,18,24,18,3
193,1,2,1,3,12,17,5,27,3,30,3
194,2,2,2,2,10,10,28,12,30,2,2
195,1,2,3,4,5,6,7,8,9,55,0
196,3,2,2,1,3,3,16,19,26,26,0
197,3,2,7,8,2,14,16,1,34,12,2
198,2,2,10,1,1,16,3,32,28,4,2
199,1,2,1,27,27,1,1,1,20,20,0
200,1,2,1,17,20,1,2,23,31,3,2
201,4,2,10,14,15,14,15,16,4,4,1
202,2,2,5,10,14,15,20,20,10,2,1
203,1,2,0,24,0,0,24,24,24,0,2
204,1,2,2,2,11,13,3,32,31,3,2
205,1,2,1,2,16,20,24,2,30,3,2
206,1,2,1,1,1,12,12,24,1,46,3
207,1,2,1,5,10,20,25,30,3,4,1
208,1,2,0,14,22,2,2,24,32,2,2
209,1,2,1,1,1,1,4,20,20,50,0
210,3,2,3,3,12,12,3,29,29,3,2
211,1,2,1,1,1,1,9,20,30,35,0
212,1,2,0,0,0,9,10,10,34,34,0
213,0,2,0,0,5,5,5,15,29,39,0
214,1,2,0,9,14,20,25,30,0,0,1
215,1,2,1,1,18,5,5,6,34,27,0
216,1,2,4,12,20,2,2,6,30,22,0
217,1,2,0,0,0,0,0,22,36,39,0
218,1,2,4,5,9,12,12,18,12,26,3
219,1,2,0,12,14,13,0,0,30,28,0
220,1,2,1,7,10,12,14,16,18,20,3
221,1,2,4,13,9,10,10,23,19,7,2
222,1,2,14,0,0,18,0,0,32,33,0
223,3,2,7,9,11,13,15,18,20,1,2
224,1,2,1,15,17,19,21,23,1,1,1
225,1,2,0,12,0,12,25,25,25,0,2
226,2,2,4,3,7,11,11,27,4,28,3
227,1,2,4,13,13,18,22,22,3,3,1
228,1,2,13,2,2,14,2,3,31,31,0
229,1,2,2,12,16,3,2,2,28,33,0
230,2,2,2,30,30,2,2,2,15,13,3
231,2,2,9,10,11,12,13,14,15,11,3
232,3,2,9,12,16,17,16,12,9,3,1
233,1,2,5,6,16,9,4,17,36,4,2
234,1,2,2,9,15,8,18,21,0,25,3
235,3,2,7,7,8,10,10,10,21,21,3
236,2,2,3,4,8,11,12,28,29,1,2
237,1,2,5,7,9,11,13,15,17,19,3
238,1,2,1,15,22,2,6,6,33,13,0
239,4,2,4,4,4,22,13,22,21,2,2
240,2,2,3,12,18,16,30,8,5,4,1
241,2,2,6,7,8,15,23,36,0,0,1
242,1,2,10,1,1,20,2,24,35,4,2
243,1,2,4,6,8,11,14,16,18,20,3
244,1,2,0,16,18,1,1,20,21,22,0
245,1,2,1,1,4,12,20,28,20,12,2
246,1,2,1,14,21,2,2,25,28,5,2
247,1,2,1,1,25,1,1,1,34,33,0
248,1,2,1,1,1,1,1,31,33,29,0
249,1,2,1,1,1,1,1,31,31,31,0
250,1,2,1,8,10,14,17,19,16,13,3
251,2,2,2,3,3,11,31,36,6,4,1
252,1,2,11,1,1,1,1,21,32,30,0
253,1,2,3,3,1,22,1,8,27,33,0
254,3,2,7,1,19,1,28,1,37,1,2
255,1,2,1,2,12,21,26,31,2,2,1
256,1,2,1,2,3,5,8,14,25,40,0
257,1,2,3,4,15,15,15,15,15,15,3
258,1,2,9,0,0,20,20,20,0,29,3
259,1,2,2,2,4,4,1,28,28,28,0
260,2,2,2,8,9,10,12,22,31,2,2
261,1,2,1,13,15,19,22,24,2,2,1
262,2,2,5,8,2,22,23,4,27,4,2
263,1,2,0,0,0,0,24,25,25,25,3
264,4,2,5,22,22,13,21,7,3,0,1
265,1,2,2,12,18,20,20,18,3,3,1
266,1,2,3,5,7,9,13,16,20,25,3
267,2,2,4,5,6,6,32,31,5,6,1
268,1,2,0,3,3,21,22,23,24,3,2
269,1,2,0,6,17,17,6,4,23,25,0
270,1,2,12,15,15,15,18,21,1,1,1
271,1,2,1,22,9,22,1,22,1,20,3
272,1,2,2,2,3,18,18,26,26,2,2
273,1,2,5,5,5,10,10,20,20,20,3
274,1,2,2,15,2,2,17,27,31,2,2
275,3,2,6,6,8,22,13,15,24,2,2
276,1,2,5,7,10,12,0,19,23,20,0
277,1,2,1,1,1,1,1,29,30,33,0
278,1,2,4,6,9,12,14,16,17,19,3
279,3,2,3,3,3,20,20,21,21,3,2
280,5,2,5,5,5,5,10,21,21,21,3
281,1,2,2,1,20,5,2,1,32,35,0
282,1,2,1,19,19,17,17,18,3,4,1
283,1,2,1,2,1,15,20,3,29,27,0
284,2,2,5,8,4,11,16,8,23,19,3
285,1,2,2,1,23,1,27,35,3,5,1
286,1,2,0,9,0,15,0,34,39,0,2
287,1,2,4,12,16,7,14,14,17,13,3
288,1,2,3,3,3,26,4,26,27,4,2
289,1,2,5,15,17,3,2,1,26,27,0
290,1,2,2,11,23,8,2,21,28,2,2
291,5,2,8,10,14,16,5,29,6,4,1
292,3,2,6,11,11,21,11,11,11,11,3
293,3,2,11,15,18,11,22,6,4,7,1
294,10,2,1,1,2,1,5,24,24,30,0
295,1,2,1,1,15,21,24,1,1,34,3
296,5,2,10,15,10,21,25,5,3,3,1
297,3,2,0,10,0,16,7,22,10,29,3
298,1,2,3,17,14,4,3,2,21,33,0
299,10,2,1,1,1,1,1,39,20,25,0
300,1,2,5,5,7,20,20,20,20,0,2
301,2,2,7,9,2,15,17,20,21,5,2
302,2,2,2,2,2,20,20,20,20,10,2
303,1,2,7,9,1,1,30,48,1,1,1
304,2,2,6,8,10,12,14,18,26,1,2
305,2,2,2,6,16,20,20,22,5,5,1
306,1,2,1,18,1,1,18,26,32,1,2
307,1,2,7,17,17,18,22,5,6,4,1
308,1,2,2,5,5,5,21,26,32,1,2
309,3,2,7,10,20,0,29,29,0,0,1
310,5,2,8,5,10,2,2,16,24,25,0
311,1,2,1,7,1,20,3,26,14,25,3
312,1,2,1,1,1,10,15,20,20,30,3
313,5,2,12,12,14,20,3,3,5,22,3
314,8,2,0,0,0,0,0,30,30,29,0
315,1,2,0,2,23,4,4,27,31,6,2
316,1,2,1,3,5,13,1,1,37,37,0
317,1,2,5,1,1,1,21,1,33,33,0
318,1,2,4,8,10,13,16,1,34,10,2
319,1,2,1,5,1,10,1,20,0,59,3
320,2,2,8,10,13,2,27,31,2,2,1
321,1,2,2,16,20,2,3,1,32,22,0
322,1,2,1,1,1,18,21,26,29,1,2
323,1,2,5,7,9,13,16,18,15,13,3
324,1,2,1,10,13,17,25,30,1,1,1
325,1,2,1,1,10,15,20,25,25,1,2
326,1,2,1,1,3,7,1,21,1,62,3
327,1,2,2,12,2,19,2,25,3,31,3
328,6,2,1,1,1,38,39,1,1,11,1
329,2,2,2,3,5,21,21,2,21,21,3
330,2,2,5,1,24,1,1,26,36,2,2
331,5,2,8,11,16,26,32,0,0,0,1
332,1,2,2,4,6,8,10,20,40,8,2
333,0,2,0,14,17,20,23,25,0,0,1
334,2,2,5,7,9,11,12,14,16,20,3
335,1,2,2,2,2,3,4,8,18,58,0
336,0,2,0,13,15,18,25,27,0,0,1
337,1,2,7,9,11,13,16,18,20,1,2
338,2,2,1,10,12,2,19,25,25,3,2
339,1,2,1,1,1,23,5,33,30,4,2
340,0,2,1,20,22,4,5,6,10,31,3
341,1,2,2,12,15,16,4,26,18,4,2
342,5,2,8,11,16,21,27,3,3,3,1
343,1,2,1,14,1,22,25,1,32,1,2
344,0,2,0,0,5,20,20,20,20,15,3
345,1,2,2,7,3,12,7,22,8,37,3
346,2,2,2,2,10,12,14,16,18,20,3
347,1,2,3,8,8,2,2,22,22,31,0
348,0,2,1,3,1,1,22,23,24,25,3
349,0,2,0,0,20,23,0,29,26,0,2
350,0,2,3,11,14,15,5,5,35,10,2
351,4,2,6,12,22,27,27,0,0,0,1
352,1,2,1,1,10,28,28,28,1,1,1
353,0,2,4,4,7,27,4,21,27,4,2
354,2,2,12,2,2,12,2,2,32,32,0
355,2,2,0,0,0,17,18,18,20,25,3
356,7,2,7,14,14,7,12,12,12,14,3
357,0,2,4,0,11,0,29,30,0,24,3
358,0,2,1,10,0,0,29,29,30,0,2
359,0,2,1,2,20,22,3,24,27,0,2
360,0,2,10,0,0,20,27,31,5,5,1
361,5,2,0,0,0,0,0,24,35,34,0
362,0,2,2,16,21,3,22,32,2,1,1
363,2,2,11,12,15,22,8,1,27,1,2
364,3,2,6,11,13,7,6,21,27,3,2
365,2,2,3,21,8,38,6,12,3,4,1
366,2,2,4,20,26,15,10,10,5,5,1
367,0,2,11,12,17,0,25,0,34,0,2
368,6,2,3,16,3,22,31,4,4,8,1
369,0,2,0,0,0,0,0,0,98,0,2
370,2,2,2,2,2,30,0,0,30,30,0
371,1,2,5,7,7,7,7,7,34,24,0
372,3,2,4,6,6,3,3,34,4,34,3
373,0,2,1,17,22,2,1,1,32,23,0
374,0,2,0,7,10,0,0,24,27,30,0
375,1,2,3,0,6,12,0,30,32,14,2
376,0,2,0,2,21,21,21,2,2,30,3
377,1,2,2,18,19,2,4,3,30,20,0
378,0,2,0,4,1,16,1,16,30,30,0
379,1,2,2,2,2,11,26,26,26,2,2
380,1,2,4,5,13,18,23,27,6,1,1
381,6,2,9,13,16,19,24,3,3,4,1
382,5,2,13,14,18,22,23,1,1,1,1
383,1,2,1,1,4,6,21,21,22,22,3
384,3,2,0,0,0,0,0,25,35,36,0
385,1,2,2,2,13,13,20,7,27,13,2
386,3,2,5,17,3,19,3,19,3,24,3
387,0,2,0,8,16,0,1,34,34,5,2
388,1,2,5,8,16,16,22,22,3,3,1
389,1,2,1,1,1,11,12,31,35,5,2
390,3,2,2,14,2,20,23,26,3,4,1
391,2,2,4,1,2,24,27,3,32,3,2
392,1,2,19,1,1,21,0,23,0,33,3
393,3,2,3,3,11,11,16,21,26,3,2
394,1,2,1,1,10,20,29,34,1,1,1
395,0,2,8,19,17,12,4,4,4,31,3
396,1,2,19,1,1,21,0,23,0,33,3
397,0,2,1,19,0,19,1,25,1,33,3
398,5,2,9,3,8,5,28,33,2,3,1
399,1,2,2,11,15,1,3,31,31,2,2
400,6,2,5,16,21,21,29,0,0,0,1
401,1,2,2,3,5,8,13,21,34,12,2
402,0,2,11,13,2,21,21,21,0,11,1
403,2,2,11,11,11,18,21,22,1,1,1
404,2,2,3,5,17,19,19,2,2,28,3
405,2,2,2,15,8,8,28,33,1,1,1
406,1,2,5,7,9,11,13,15,17,19,3
407,1,2,4,15,15,16,16,26,2,2,1
408,0,2,0,16,3,19,3,0,33,24,0
409,4,2,5,6,7,9,11,16,28,10,2
410,0,2,0,16,1,1,25,27,27,1,2
411,0,2,0,0,0,0,0,34,34,29,0
412,0,2,3,17,21,17,14,16,5,6,1
413,1,2,3,16,23,2,4,6,23,20,0
414,1,2,1,1,1,8,14,19,26,28,0
415,0,2,1,17,20,20,20,20,1,0,1
416,1,2,1,13,5,11,20,20,20,8,2
417,2,2,6,9,12,16,21,24,4,4,1
418,1,2,1,15,20,20,20,20,1,1,1
419,4,2,4,4,11,22,34,7,6,5,1
420,0,2,2,3,4,5,9,20,21,35,0
421,0,2,2,3,15,15,15,15,18,15,3
422,2,2,8,2,2,18,2,2,31,31,0
423,1,2,1,1,17,12,22,23,21,1,2
424,5,2,9,14,1,17,17,18,16,1,2
425,2,2,11,8,2,17,24,5,3,27,3
426,0,2,2,4,4,7,7,7,35,32,0
427,0,2,2,17,20,17,14,16,6,7,1
428,1,2,1,1,14,18,23,38,1,1,1
429,2,2,5,7,9,11,13,15,16,18,3
430,10,2,10,13,13,12,15,21,1,1,1
431,0,2,0,19,19,0,0,8,25,26,0
432,0,2,3,13,15,16,17,17,10,6,1
433,0,2,7,5,6,17,16,17,16,16,3
434,1,2,1,1,15,20,29,30,1,1,1
435,1,2,1,1,15,15,15,15,15,21,3
436,1,2,2,2,2,2,20,20,20,30,3
437,3,2,8,3,21,5,26,10,10,11,1
438,3,2,11,19,2,19,19,17,2,4,1
439,0,2,1,1,19,22,25,28,1,1,1
440,2,2,2,1,1,1,1,32,31,27,0
441,2,2,7,9,17,19,31,4,4,4,1
442,0,2,15,2,2,2,23,25,2,28,3
443,5,2,0,0,0,0,0,21,31,41,0
444,2,2,6,5,15,18,2,12,3,35,3
445,1,2,3,1,10,10,18,24,31,1,2
446,1,2,1,1,1,15,17,19,21,23,3
447,0,2,5,4,10,17,0,0,29,32,0
448,1,2,1,1,6,0,0,30,0,59,3
449,0,2,0,11,0,0,25,30,31,0,2
450,0,2,3,3,3,18,18,3,25,25,0
451,6,2,0,0,0,0,0,31,30,30,0
452,5,2,10,15,15,15,15,10,5,5,1
453,1,2,1,1,1,10,14,19,25,27,0
454,1,2,2,2,18,17,16,15,14,13,3
455,2,2,2,15,15,15,15,2,2,30,3
456,2,2,5,7,9,11,13,15,16,18,3
457,1,2,1,15,1,18,1,26,2,34,3
458,0,2,4,13,16,8,14,14,17,14,3
459,0,2,0,0,20,49,29,0,0,0,1
460,0,2,8,2,2,14,2,2,34,34,0
461,2,2,3,15,18,23,24,1,1,10,1
462,0,2,0,1,18,21,0,22,35,2,2
463,1,2,3,10,25,4,5,5,10,35,3
464,0,2,1,2,3,6,8,15,25,39,0
465,2,2,26,13,30,1,3,10,5,8,3
466,1,2,4,8,11,15,26,27,3,3,1
467,0,2,3,6,15,18,0,0,27,30,0
468,0,2,10,0,0,16,0,0,34,38,0
469,5,2,0,0,0,0,0,29,29,34,0
470,0,2,0,15,17,2,3,4,21,37,0
471,2,2,6,8,1,12,14,16,18,20,3
472,3,2,0,0,0,0,0,31,32,31,0
473,0,2,0,0,11,11,11,21,21,25,3
474,0,2,12,0,0,22,0,0,33,31,0
475,2,2,9,17,22,16,5,7,5,13,3
476,1,2,6,8,10,12,14,16,15,15,3
477,2,2,4,8,16,33,16,14,2,2,1
478,5,2,5,6,12,12,16,9,12,19,3
479,2,2,0,0,0,0,0,28,33,36,0
480,1,2,2,15,19,0,11,14,17,20,3
481,0,2,0,5,10,10,15,20,22,18,3
482,1,2,5,7,9,10,13,15,17,20,3
483,0,2,4,5,1,8,15,18,22,24,3
484,1,2,11,12,1,20,24,28,1,1,1
485,0,2,0,16,20,20,21,21,1,1,1
486,1,2,2,3,4,6,9,14,23,36,0
487,0,2,0,0,11,4,0,15,34,34,0
488,0,2,0,7,8,0,0,34,34,15,2
489,3,2,4,18,18,3,6,11,17,17,3
490,0,2,0,0,0,25,0,33,40,0,2
491,0,2,8,9,13,5,28,30,2,2,1
492,4,2,4,7,5,26,26,26,0,0,1
493,5,2,7,8,10,12,14,12,14,15,3
494,2,2,4,10,2,16,25,3,33,3,2
495,0,2,0,13,0,12,0,0,36,37,0
496,2,2,8,2,2,16,2,2,31,33,0
497,0,2,0,0,3,16,16,26,26,11,2
498,0,2,1,1,12,15,18,20,17,15,3
499,1,2,2,2,3,4,5,25,30,26,0
500,1,2,9,9,18,19,20,21,1,1,1
501,2,2,2,2,6,21,21,21,21,2,2
502,1,2,16,2,2,21,2,2,26,27,0
503,3,2,3,1,1,15,3,22,27,22,0
504,1,2,4,7,13,20,24,28,0,0,1
505,2,2,10,2,30,36,3,3,6,6,1
506,2,2,7,9,12,2,28,32,3,3,1
507,1,2,1,1,5,15,20,25,30,1,2
508,0,2,9,22,22,6,26,2,6,6,1
509,2,2,5,7,9,11,13,15,16,18,3
510,0,2,2,8,10,18,27,27,4,3,1
511,5,2,5,10,10,5,11,31,11,8,1
512,1,2,1,1,17,19,19,19,21,1,2
513,7,2,1,1,0,0,0,27,28,35,0
514,0,2,10,15,15,15,15,15,15,0,1
515,1,2,3,3,5,5,14,12,30,25,0
516,1,2,10,12,13,14,15,16,17,1,2
517,0,2,3,1,16,22,0,1,32,24,0
518,0,2,0,0,16,19,5,25,28,5,2
519,1,2,2,4,6,9,13,17,21,26,3
520,1,2,2,3,12,17,3,12,22,27,0
521,1,2,4,4,10,20,20,20,20,0,2
522,1,2,2,2,2,22,26,33,5,5,1
523,0,2,0,15,15,15,25,29,0,0,1
524,0,2,0,0,16,6,19,25,0,32,3
525,0,2,0,0,16,19,0,29,34,0,2
526,2,2,2,22,2,22,22,22,2,2,1
527,3,2,1,1,1,1,1,26,30,35,0
528,1,2,1,1,19,17,16,31,5,7,1
529,1,2,2,1,1,11,11,11,26,35,0
530,1,2,9,13,17,21,26,1,8,3,1
531,1,2,1,1,16,16,16,16,16,16,3
532,4,2,11,15,19,23,26,0,0,0,1
533,0,2,1,15,18,2,2,3,31,27,0
534,1,2,3,0,22,6,27,31,4,4,1
535,1,2,2,4,4,8,8,8,32,32,0
536,1,2,11,11,12,14,15,16,17,1,2
537,1,2,3,3,3,14,18,17,20,20,3
538,0,2,2,2,2,4,23,23,22,21,3
539,4,2,6,7,21,26,31,1,1,1,1
540,7,2,0,0,0,0,0,34,31,25,0
541,10,2,0,0,0,0,0,29,29,29,0
542,0,2,7,8,10,18,21,3,26,4,2
543,0,2,0,0,18,22,25,0,0,33,3
544,1,2,2,2,17,17,17,4,1,38,3
545,0,2,0,20,0,0,0,0,39,39,0
546,0,2,6,8,11,14,22,23,12,0,1
547,3,2,6,8,0,12,14,15,18,21,3
548,0,2,6,9,12,15,18,0,18,18,3
549,0,2,0,0,0,15,17,0,32,34,0
550,0,2,0,0,15,20,2,2,26,33,0
551,5,2,0,0,0,0,0,31,30,31,0
552,1,2,5,10,16,26,20,11,4,4,1
553,0,2,3,3,16,20,22,26,4,4,1
554,1,2,3,7,9,17,18,18,19,5,2
555,0,2,25,0,25,0,25,25,0,0,1
556,0,2,0,0,0,10,15,20,25,29,0
557,2,2,4,6,10,13,14,19,15,14,3
558,0,2,3,1,12,12,12,12,12,34,3
559,2,2,7,10,13,17,8,10,8,23,3
560,0,2,0,0,22,22,22,31,0,0,1
561,0,2,3,20,3,0,21,24,0,28,3
562,0,2,0,0,17,21,0,25,35,0,2
563,1,2,0,4,15,0,21,16,9,31,3
564,1,2,4,0,3,20,26,6,33,5,2
565,1,2,9,7,3,9,7,26,20,15,3
566,1,2,4,7,19,11,24,17,3,12,1
567,1,2,6,1,1,18,3,2,33,33,0
568,1,2,4,12,20,20,20,20,1,1,1
569,2,2,6,0,2,0,23,35,0,30,3
570,2,2,2,2,2,11,21,31,11,16,3
571,0,2,6,8,9,11,12,14,17,20,3
572,1,2,3,4,8,13,17,18,27,8,2
573,1,2,2,18,2,18,22,33,1,1,1
574,0,2,8,12,13,13,13,13,14,14,3
575,2,2,4,3,16,21,25,25,1,1,1
576,6,2,6,11,6,17,6,6,17,22,3
577,0,2,3,5,7,10,13,16,20,25,3
578,1,2,2,4,10,17,27,32,3,3,1
579,1,2,2,3,10,5,15,32,4,27,3
580,0,2,0,0,0,0,25,25,25,25,3
581,1,2,5,7,9,11,13,15,17,19,3
582,4,2,6,2,2,17,17,23,10,15,3
583,5,2,7,8,9,11,12,14,15,16,3
584,1,2,6,8,13,14,15,16,1,23,3
585,3,2,5,9,11,15,22,20,3,10,1
586,4,2,7,9,11,14,18,21,0,13,1
587,0,2,0,0,21,21,0,28,28,0,2
588,0,2,0,0,0,20,23,25,29,1,2
589,0,2,0,5,7,8,13,15,20,31,0
590,0,2,0,8,11,14,17,20,17,13,3
591,6,2,6,21,21,21,5,5,6,6,1
592,1,2,10,12,9,18,2,2,20,25,0
593,1,2,1,1,19,19,2,20,34,2,2
594,3,2,6,13,6,18,9,11,14,17,3
595,1,2,1,1,5,17,17,17,20,20,3
596,3,2,1,2,3,6,5,20,12,45,0
597,1,2,1,9,16,21,22,23,5,1,1
598,0,2,5,6,15,5,6,10,24,26,0
599,1,2,2,5,7,20,20,20,20,3,2
600,0,2,1,16,21,2,2,3,32,22,0
601,1,2,0,0,5,6,10,24,23,28,0
602,1,2,1,1,2,5,11,24,26,28,0
603,1,2,11,2,14,16,17,31,3,3,1
604,2,2,2,2,2,15,18,21,34,2,2
605,0,2,0,11,11,0,25,24,27,0,2
606,2,2,2,12,2,19,2,29,10,19,3
607,0,2,0,15,15,20,25,25,0,0,1
608,0,2,4,4,8,0,25,27,29,0,2
609,0,2,3,5,10,21,21,21,10,6,1
610,3,2,3,3,3,17,17,17,17,17,3
611,3,2,3,4,4,5,5,5,34,34,0
612,0,2,0,0,1,0,0,32,32,32,0
613,1,2,1,1,0,0,24,24,24,24,3
614,3,2,9,2,3,14,21,5,17,23,3
615,0,2,8,10,15,5,31,23,5,0,1
616,3,2,0,15,0,23,26,31,0,0,1
617,0,2,8,4,4,21,16,22,4,21,3
618,2,2,8,5,6,16,15,19,8,18,3
619,1,2,1,13,16,19,22,25,1,1,1
620,4,2,4,14,14,14,4,4,35,4,2
621,2,2,10,12,14,3,13,4,37,4,2
622,0,2,1,10,11,12,1,1,31,31,0
623,2,2,2,16,2,2,18,23,30,3,2
624,4,2,11,4,15,6,22,4,25,6,2
625,2,2,2,2,2,12,2,42,12,22,3
626,2,2,2,5,20,26,3,3,31,5,2
627,1,2,3,4,5,11,16,21,26,11,2
628,1,2,1,1,1,15,20,20,20,20,3
629,1,2,12,6,6,23,2,2,25,22,0
630,2,2,4,6,7,11,12,14,16,25,3
631,0,2,0,3,10,21,28,22,11,4,1
632,1,2,7,9,12,8,24,30,3,3,1
633,1,2,3,4,10,15,15,15,4,31,3
634,0,2,7,8,11,0,0,23,25,25,0
635,4,2,11,15,18,23,27,0,0,0,1
636,5,2,0,0,0,0,0,29,29,34,0
637,2,2,2,2,2,22,22,22,22,2,2
638,3,2,11,19,2,20,20,18,2,4,1
639,3,2,4,4,4,26,26,27,2,3,1
640,2,2,2,11,2,21,1,28,1,30,3
641,0,2,1,1,17,20,2,26,29,3,2
642,6,2,8,9,10,11,12,13,14,15,3
643,1,2,6,10,12,12,15,16,13,14,3
644,0,2,5,15,5,10,20,20,25,0,2
645,1,2,1,1,1,17,18,19,20,21,3
646,1,2,5,7,9,10,12,14,16,23,3
647,1,2,6,16,6,6,6,6,44,6,2
648,1,2,2,5,11,13,16,17,17,16,3
649,1,2,2,5,8,11,14,17,19,22,3
650,5,2,10,3,4,5,4,56,4,5,1
651,0,2,0,0,0,98,0,0,0,0,1
652,2,2,4,20,23,13,4,7,0,24,3
653,4,2,5,9,8,14,15,15,14,14,3
654,2,2,7,10,12,2,28,29,4,4,1
655,1,2,2,11,11,11,8,18,18,18,3
656,4,2,6,5,12,24,14,15,14,2,1
657,2,2,2,2,2,2,10,25,50,3,2
658,1,2,1,1,15,19,22,35,2,2,1
659,2,2,5,6,7,15,14,15,16,17,3
660,1,2,2,2,11,2,21,26,31,2,2
661,1,2,10,10,15,25,5,5,1,27,3
662,2,2,5,9,11,10,27,29,2,2,1
663,1,2,2,9,11,13,16,18,15,14,3
664,2,2,5,7,9,11,13,15,16,18,3
665,2,2,2,2,2,14,24,27,23,2,2
666,0,2,0,0,0,0,25,31,41,0,2
667,1,2,1,1,1,1,23,1,29,40,0
668,1,2,6,7,12,3,28,34,3,4,1
669,0,2,3,7,10,14,18,21,18,9,2
670,3,2,9,11,14,16,20,22,1,1,1
671,2,2,7,10,16,22,29,4,4,4,1
672,0,2,2,2,15,15,18,19,22,5,2
673,0,2,8,11,0,22,27,30,0,0,1
674,5,2,8,21,14,5,3,19,19,4,2
675,0,2,0,0,23,24,25,0,27,0,2
676,1,2,4,12,14,4,6,5,31,21,0
677,0,2,9,11,21,18,18,0,0,23,3
678,0,2,5,3,24,24,28,11,1,2,1
679,4,2,8,10,12,12,12,18,20,1,2
680,1,2,2,4,6,9,13,17,21,26,3
681,0,2,17,0,0,0,28,23,2,28,3
682,0,2,2,15,11,6,5,3,26,30,0
683,1,2,1,1,23,15,3,26,3,26,3
684,1,2,3,3,5,5,10,10,30,30,0
685,3,2,6,9,11,2,28,32,2,3,1
686,2,2,7,15,18,21,0,2,0,32,3
687,0,2,12,1,2,23,3,3,32,23,0
688,0,2,12,0,0,25,0,0,28,32,0
689,1,2,4,9,6,18,8,18,6,27,3
690,1,2,2,2,2,21,22,23,25,0,2
691,2,2,7,7,8,15,18,18,20,1,2
692,3,2,5,6,10,10,11,13,16,22,3
693,5,2,7,7,7,21,3,24,2,24,3
694,5,2,7,7,7,21,3,24,2,24,3
695,0,2,0,10,15,17,26,30,0,1,1
696,1,2,6,7,9,10,13,15,17,19,3
697,0,2,0,3,3,18,18,18,18,22,3
698,1,2,2,3,5,8,13,21,18,28,3
699,0,2,0,10,14,14,0,24,20,18,3
700,1,2,1,1,1,2,31,31,31,0,2
701,4,2,3,1,6,26,37,2,9,9,1
702,3,2,1,1,2,2,2,22,34,32,0
703,2,2,3,3,5,11,16,16,21,21,3
704,1,2,5,13,17,0,26,0,36,0,2
705,5,2,8,8,10,18,21,24,2,2,1
706,1,2,5,7,9,11,13,15,17,19,3
707,5,2,6,6,11,5,5,6,26,26,0
708,2,2,4,5,5,15,15,25,25,1,2
709,2,2,5,7,9,11,13,15,16,18,3
710,2,2,7,17,22,22,13,4,4,7,1
711,4,2,8,10,7,13,10,14,18,12,3
712,1,2,2,2,2,10,10,20,50,2,2
713,2,2,6,8,10,10,12,14,16,18,3
714,1,2,4,8,12,16,21,31,2,3,1
715,5,2,7,8,9,10,11,15,16,16,3
716,9,2,1,1,1,1,1,25,30,30,0
717,1,2,1,1,1,19,19,19,19,19,3
718,2,2,4,4,16,16,21,31,2,2,1
719,0,2,0,0,0,10,10,15,25,39,0
720,4,2,7,0,0,11,0,0,37,39,0
721,1,2,5,7,11,11,13,15,16,18,3
722,1,2,5,7,9,11,13,15,17,19,3
723,4,2,8,12,18,23,32,0,0,0,1
724,1,2,1,6,20,20,20,25,3,3,1
725,1,2,1,1,43,7,7,35,1,1,1
726,0,2,0,15,0,22,26,0,35,0,2
727,1,2,5,1,20,20,1,25,25,1,2
728,3,2,3,7,7,6,6,15,30,20,0
729,5,2,7,8,9,10,11,12,14,20,3
730,2,2,5,2,6,11,31,30,6,4,1
731,0,2,0,5,6,7,8,22,25,26,0
732,0,2,8,10,12,14,17,19,20,0,2
733,0,2,0,0,0,0,26,0,34,38,0
734,1,2,3,5,11,19,20,19,16,5,1
735,1,2,3,5,7,13,16,22,15,17,3
736,6,2,9,13,17,22,27,1,1,1,1
737,1,2,2,0,0,4,6,8,34,43,0
738,5,2,21,5,5,21,5,5,10,21,3
739,0,2,4,15,18,6,4,2,27,23,0
740,2,2,5,18,20,7,7,6,19,14,3
741,0,2,1,18,2,24,3,22,3,26,3
742,3,2,3,3,3,11,24,35,8,7,1
743,3,2,7,9,13,17,18,21,4,4,1
744,1,2,1,5,5,5,5,30,30,17,2
745,1,2,6,8,12,14,16,19,11,11,3
746,4,2,0,0,0,0,0,29,31,33,0
747,1,2,2,8,15,20,3,4,23,23,0
748,4,2,6,1,1,20,0,32,0,35,3
749,1,2,2,2,11,12,24,24,0,24,3
750,2,2,4,6,9,14,21,17,12,12,3
751,2,2,2,3,3,11,16,31,3,27,3
752,5,2,11,13,16,18,33,1,1,1,1
753,2,2,4,6,10,18,24,1,31,1,2
754,3,2,7,10,15,23,29,2,4,4,1
755,4,2,15,0,0,0,0,0,40,40,0
756,0,2,6,8,22,20,12,12,9,7,1
757,1,2,6,10,20,25,20,15,1,1,1
758,1,2,1,11,11,6,6,6,22,35,0
759,4,2,0,0,0,0,0,40,30,24,0
760,0,2,0,2,4,13,26,31,18,4,2
761,2,2,7,21,22,8,13,21,2,2,1
762,1,2,3,4,5,5,23,21,19,17,3
763,0,2,10,19,2,22,2,4,20,20,3
764,2,2,4,5,9,9,11,19,19,19,3
765,1,2,5,5,9,16,13,18,22,8,2
766,0,2,0,0,0,0,0,36,31,31,0
767,1,2,4,13,15,18,1,20,22,3,2
768,0,2,0,2,12,16,0,32,33,3,2
769,0,2,1,16,21,2,25,3,28,3,2
770,1,2,1,1,1,1,40,26,15,13,1
771,2,2,2,8,0,19,26,41,0,0,1
772,0,2,0,3,5,23,16,13,17,23,3
773,0,2,0,5,9,14,21,21,29,0,2
774,3,2,7,1,2,23,23,2,2,34,3
775,2,2,2,3,2,2,2,22,28,35,0
776,0,2,0,1,17,17,1,21,10,32,3
777,5,2,0,0,0,0,0,34,29,29,0
778,2,2,2,2,3,8,22,22,15,21,3
779,1,2,1,1,11,11,1,21,50,1,2
780,0,2,4,6,0,16,16,18,34,5,2
781,1,2,2,3,17,18,19,3,4,31,3
782,2,2,8,10,14,7,6,5,21,24,0
783,11,2,2,11,2,14,5,16,3,35,3
784,0,2,9,12,13,14,0,0,22,27,0
785,1,2,4,8,8,12,12,16,15,20,3
786,1,2,0,10,0,16,5,20,22,24,3
787,0,2,0,0,15,20,0,39,25,0,2
788,4,2,5,12,12,12,2,3,23,23,0
789,0,2,9,12,22,20,5,5,0,25,3
790,1,2,4,6,11,12,13,14,17,20,3
791,0,2,0,0,0,10,10,10,34,34,0
792,3,2,6,17,20,12,12,21,3,3,1
793,1,2,3,3,3,4,19,24,20,22,3
794,5,2,8,10,1,17,22,32,1,1,1
795,2,2,9,4,4,4,4,4,34,33,0
796,5,2,8,12,20,20,12,8,6,5,1
797,5,2,5,5,0,0,0,10,31,41,0
798,2,2,3,4,5,10,18,22,18,15,3
799,6,2,0,0,0,0,0,33,29,29,0
800,0,2,0,18,0,17,9,15,5,33,3
801,1,2,2,19,19,2,2,24,4,24,3
802,1,2,2,4,4,25,26,26,5,5,1
803,0,2,0,5,7,10,21,24,32,0,2
804,1,2,1,6,15,20,25,25,5,1,1
805,4,2,8,9,10,11,12,14,14,15,3
806,0,2,0,20,0,10,20,29,0,20,3
807,1,2,22,1,1,22,1,1,27,22,0
808,0,2,0,0,0,0,0,32,32,33,0
809,4,2,6,7,11,28,29,4,4,4,1
810,2,2,2,17,2,18,5,18,32,2,2
811,0,2,1,8,12,1,20,25,30,1,2
812,3,2,6,11,14,2,27,27,2,5,1
813,3,2,4,15,16,15,18,20,3,3,1
814,4,2,0,0,0,0,0,32,32,29,0
815,0,2,6,1,12,20,24,23,6,5,1
816,1,2,1,1,11,19,19,1,21,25,3
817,3,2,6,15,20,25,25,1,1,1,1
818,1,2,1,2,30,1,2,2,30,30,0
819,1,2,4,11,16,20,21,16,5,4,1
820,0,2,11,0,0,7,7,7,33,33,0
821,0,2,7,0,0,22,3,1,33,32,0
822,0,2,2,29,2,29,2,33,0,0,1
823,0,2,0,10,0,0,0,29,25,34,0
824,3,2,1,11,10,15,15,21,18,3,2
825,1,2,5,8,9,13,16,19,16,12,3
826,0,2,0,0,0,19,23,26,30,0,2
827,2,2,2,7,7,20,7,20,7,24,3
828,2,2,3,7,10,14,18,21,18,4,2
829,3,2,7,9,11,12,14,18,20,3,2
830,0,2,3,3,7,7,8,22,23,26,0
831,0,2,0,13,1,21,2,23,3,36,3
832,2,2,2,4,4,19,19,22,23,3,2
833,2,2,5,7,9,11,13,15,16,18,3
834,1,2,2,5,7,13,19,21,14,16,3
835,7,2,0,0,0,0,0,30,30,30,0
836,0,2,2,8,3,15,18,20,3,30,3
837,5,2,0,0,0,0,0,29,34,29,0
838,2,2,6,7,12,16,22,1,31,2,2
839,0,2,0,0,0,17,18,29,34,0,2
840,0,2,7,10,12,14,17,19,21,0,2
841,2,2,6,1,0,0,22,0,39,28,0
842,1,2,4,1,1,4,6,8,38,34,0
843,1,2,1,13,1,1,22,27,32,1,2
844,1,2,2,2,15,11,0,5,33,30,0
845,0,2,0,8,18,19,21,29,3,1,1
846,3,2,7,9,11,13,15,18,20,1,2
847,2,2,4,6,8,10,13,15,19,20,3
848,0,2,8,23,2,21,19,21,2,2,1
849,1,2,5,7,11,15,17,19,21,1,2
850,0,2,1,2,21,21,22,3,4,25,3
851,1,2,5,13,17,2,14,16,17,12,3
852,1,2,0,0,0,0,29,29,38,0,2
853,2,2,5,13,17,2,14,15,17,12,3
854,0,2,0,0,0,20,0,0,39,39,0
855,0,2,1,2,18,16,3,25,31,3,2
856,2,2,5,5,14,14,16,16,14,11,3
857,0,2,1,1,1,4,8,12,36,36,0
858,1,2,8,1,2,2,23,27,3,32,3
859,2,2,2,2,2,8,13,18,23,28,0
860,1,2,1,3,7,16,22,24,3,22,3
861,0,2,3,16,2,3,23,24,24,3,2
862,1,2,4,10,19,24,27,4,5,4,1
863,5,2,10,15,21,26,5,5,5,5,1
864,0,2,0,20,0,0,25,25,27,0,2
865,5,2,5,5,5,10,10,15,15,26,3
866,0,2,2,4,1,18,19,19,14,21,3
867,1,2,2,17,3,27,8,33,3,3,1
868,3,2,7,18,10,16,20,15,5,3,1
869,2,2,10,12,14,16,18,20,2,2,1
870,1,2,6,20,20,20,26,1,2,2,1
871,1,2,5,7,9,11,13,15,17,19,3
872,1,2,6,9,1,13,26,4,4,35,3
873,5,2,5,10,21,26,31,0,0,0,1
874,0,2,1,1,2,3,6,12,25,49,0
875,7,2,0,0,0,0,0,25,30,35,0
876,2,2,4,5,8,12,16,24,26,0,2
877,0,2,0,7,23,5,4,3,33,24,0
878,1,2,8,5,15,3,15,8,27,17,0
879,2,2,6,6,6,21,26,31,0,0,1
880,0,2,3,3,15,21,3,21,5,27,3
881,1,2,2,1,10,20,25,30,5,5,1
882,1,2,3,4,9,11,13,16,19,22,3
883,2,2,2,2,2,2,3,6,77,2,2
884,1,2,6,11,16,23,1,37,1,1,1
885,2,2,2,11,11,11,26,31,2,2,1
886,0,2,3,11,13,14,17,28,8,5,1
887,2,2,2,2,12,20,25,35,0,0,1
888,1,2,2,10,1,8,8,9,26,34,0
889,3,2,4,5,3,16,23,7,17,19,3
890,1,2,2,15,22,1,2,3,32,21,0
891,0,2,3,10,1,16,29,34,2,3,1
892,3,2,3,0,15,5,25,30,14,4,1
893,10,2,0,0,0,0,0,15,25,49,0
894,2,2,2,1,2,2,16,24,24,25,0
895,0,2,1,1,15,20,20,1,1,40,3
896,0,2,0,0,18,22,22,32,0,5,1
897,1,2,1,1,1,1,1,1,46,46,0
898,0,2,0,0,19,23,0,26,30,0,2
899,1,2,1,3,3,27,28,30,3,3,1
900,0,2,1,2,21,14,3,32,4,22,3
901,0,2,0,0,3,11,21,21,22,22,3
902,0,2,1,10,12,13,16,17,15,15,3
903,1,2,5,7,9,11,13,15,17,19,3
904,1,2,4,6,15,21,3,19,8,20,3
905,2,2,2,15,20,20,20,15,2,2,1
906,0,2,1,12,10,19,1,21,1,32,3
907,1,2,6,9,5,4,10,21,0,41,3
908,0,2,1,2,2,20,11,24,11,28,3
909,1,2,5,5,5,5,5,5,33,33,0
910,1,2,5,7,9,11,13,15,17,19,3
911,1,2,1,1,23,6,11,11,23,22,0
912,1,2,1,1,1,1,30,1,31,30,0
913,1,2,1,1,1,10,15,10,34,26,0
914,0,2,0,4,4,10,17,27,31,5,2
915,1,2,2,2,11,15,17,22,15,13,3
916,3,2,11,15,19,23,27,0,0,0,1
917,0,2,1,0,0,1,29,1,35,31,0
918,1,2,0,0,0,15,20,31,30,2,2
919,2,2,10,10,15,15,21,24,0,0,1
920,5,2,5,5,10,10,21,21,10,10,1
921,23,2,2,1,1,1,1,23,24,24,0
922,2,2,7,9,10,10,18,20,6,15,3
923,1,2,1,11,11,20,25,30,0,0,1
924,1,2,1,1,9,9,1,21,26,30,0
925,1,2,3,20,4,3,16,3,28,21,0
926,0,2,2,16,21,11,26,16,3,3,1
927,2,2,6,12,16,18,20,22,0,0,1
928,0,2,0,20,20,20,20,20,0,0,1
929,0,2,0,0,10,12,15,18,21,24,3
930,0,2,12,1,1,23,3,3,32,24,0
931,0,2,7,10,0,0,26,27,28,0,2
932,1,2,1,12,22,4,8,10,23,17,0
933,1,2,1,12,22,4,8,10,23,17,0
934,3,2,7,10,10,19,17,15,1,16,3
935,3,2,5,5,10,20,20,20,10,5,1
936,2,2,4,3,3,3,35,3,43,3,2
937,1,2,1,1,1,1,1,1,1,90,0
938,3,2,5,4,4,4,32,4,38,4,2
939,0,2,2,4,5,12,15,16,8,37,3
940,2,2,4,7,10,12,16,20,24,2,2
941,1,2,1,1,6,15,20,25,20,10,2
942,0,2,0,5,10,10,15,29,20,10,2
943,0,2,3,13,14,5,1,2,35,26,0
944,3,2,3,11,2,6,12,31,1,28,3
945,3,2,4,4,24,6,6,7,8,35,3
946,1,2,11,1,1,23,27,3,3,28,3
947,3,2,3,3,3,5,15,20,20,25,3
948,0,2,5,20,4,10,0,10,10,40,3
949,0,2,2,3,20,20,20,2,2,30,3
950,0,2,0,0,6,5,11,18,27,31,0
951,0,2,2,2,5,5,28,1,1,54,3
952,2,2,2,13,17,2,3,5,33,21,0
953,4,2,6,7,7,14,20,25,7,7,1
954,1,2,5,16,19,1,1,1,31,24,0
955,0,2,4,5,17,16,25,0,0,32,3
956,0,2,0,0,0,0,0,20,29,49,0
957,2,2,5,7,9,13,1,18,20,24,0
958,1,2,7,15,1,1,1,1,35,35,0
959,1,2,10,1,1,1,1,21,27,36,0
960,3,2,2,12,2,19,2,26,29,2,2
961,0,2,2,2,12,16,2,27,35,2,2
962,2,2,6,8,3,20,0,22,26,9,2
963,4,2,9,11,16,21,0,37,0,0,1
964,2,2,5,7,9,11,13,15,16,18,3
965,1,2,1,10,4,10,7,22,18,26,3
966,0,2,8,11,15,18,22,0,25,0,2
967,5,2,10,10,15,15,21,21,0,0,1
968,0,2,0,11,0,0,26,30,30,0,2
969,0,2,0,6,12,18,25,31,3,3,1
970,0,2,2,3,4,5,10,15,20,40,0
971,1,2,1,11,1,1,26,28,29,1,2
972,5,2,9,12,14,16,18,20,1,3,1
973,0,2,3,11,13,16,4,4,22,24,0
974,0,2,7,9,11,13,0,0,24,33,0
975,0,2,5,15,20,5,0,0,25,29,0
976,4,2,7,11,13,15,19,26,1,1,1
977,5,2,7,8,9,10,11,12,15,19,3
978,1,2,5,17,11,13,16,18,0,17,3
979,0,2,2,3,10,15,17,17,18,18,3
980,1,2,1,12,20,20,21,20,2,2,1
981,2,2,2,5,5,20,20,20,25,0,2
982,0,2,0,0,0,25,25,25,25,0,2
983,0,2,2,3,12,15,18,11,5,33,3
984,2,2,5,7,9,11,13,15,16,18,3
985,3,2,3,3,3,17,17,17,17,17,3
986,2,2,3,6,11,3,26,18,26,4,2
987,2,2,2,10,10,20,2,2,25,25,0
988,2,2,3,3,14,18,25,25,2,6,1
989,1,2,2,3,4,6,9,14,22,37,0
990,0,2,6,11,13,16,0,52,0,0,1
991,1,2,1,1,1,1,14,25,25,30,0
992,0,2,10,0,22,0,0,0,33,33,0
993,1,2,4,6,9,11,21,22,22,2,2
994,6,2,5,26,19,13,10,7,6,5,1
995,2,2,5,7,9,10,13,15,16,19,3
996,5,2,6,8,14,23,28,4,4,5,1
997,7,2,7,7,7,7,7,7,7,39,3
998,1,2,10,6,21,1,16,11,11,21,3
999,0,2,2,16,20,3,2,2,32,22,0
1000,0,2,0,18,18,8,5,5,34,11,2
1001,0,2,7,9,11,15,23,27,2,3,1
1002,0,2,0,0,10,15,20,25,29,0,2
1003,0,2,0,0,0,39,59,0,0,0,1
1004,1,2,2,2,2,16,22,23,27,3,2
1005,2,2,5,11,16,19,22,23,0,0,1
1006,0,2,11,2,3,24,6,8,37,8,2
1007,2,2,3,12,13,2,3,29,31,2,2
1008,0,2,0,0,0,0,10,20,29,39,0
1009,0,2,0,15,2,3,21,25,29,4,2
1010,0,2,2,14,15,5,5,5,33,20,0
1011,0,2,2,2,17,18,26,3,4,26,3
1012,0,2,8,0,3,0,30,9,9,39,3
1013,0,2,12,0,0,0,26,26,0,34,3
1014,2,2,2,8,2,2,20,26,34,2,2
1015,3,2,3,3,3,3,3,26,26,27,0
1016,0,2,0,0,0,6,16,21,25,30,0
1017,1,2,1,1,19,19,19,19,19,1,2
1018,0,2,1,1,2,23,23,23,23,3,2
1019,1,2,5,7,9,11,13,15,17,19,3
1020,1,2,6,12,20,3,25,20,4,6,1
1021,2,2,5,2,2,16,2,2,33,33,0
1022,3,2,5,18,9,18,6,15,6,18,3
1023,0,2,0,0,0,10,20,29,39,0,2
1024,1,2,5,11,12,0,15,12,19,21,3
1025,4,2,4,18,23,0,13,0,35,0,2
1026,0,2,1,15,1,1,25,25,29,0,2
1027,0,2,2,2,22,4,22,22,4,22,3
1028,2,2,1,3,1,3,8,26,27,27,0
1029,1,2,1,1,1,14,17,19,21,24,3
1030,2,2,10,13,16,19,3,3,4,27,3
1031,0,2,0,3,0,22,23,24,25,3,2
1032,1,2,10,3,3,18,3,3,29,29,0
1033,0,2,1,1,2,2,2,5,41,45,0
1034,2,2,5,7,11,3,15,18,27,9,2
1035,1,2,1,6,1,19,19,26,1,25,3
1036,3,2,8,10,1,15,19,21,19,2,2
1037,1,2,1,17,10,21,5,5,35,4,2
1038,0,2,0,5,5,15,15,15,20,25,3
1039,0,2,0,5,5,15,15,15,20,25,3
1040,1,2,0,17,20,0,0,3,28,28,0
1041,0,2,2,16,21,3,2,2,31,22,0
1042,5,2,5,5,16,18,19,20,5,5,1
1043,0,2,5,18,20,1,25,25,3,2,1
1044,0,2,6,4,8,5,20,12,23,20,3
1045,0,2,7,9,11,22,0,22,0,27,3
1046,0,2,3,0,0,14,14,5,32,30,0
1047,1,2,3,5,1,11,20,26,0,32,3
1048,1,2,3,10,20,20,20,10,10,5,1
1049,0,2,1,1,1,4,9,14,25,44,0
1050,0,2,0,5,4,5,24,5,29,26,0
1051,1,2,1,9,14,18,2,24,28,2,2
1052,1,2,3,4,5,6,7,24,24,24,0
1053,0,2,2,16,21,3,2,3,31,21,0
1054,0,2,1,2,8,6,16,16,19,31,3
1055,2,2,2,4,12,14,7,19,25,12,2
1056,1,2,1,22,3,22,3,22,3,22,3
1057,4,2,18,4,4,18,4,20,20,4,2
1058,2,2,5,7,9,11,13,15,16,18,3
1059,0,2,0,0,8,2,25,29,34,0,2
1060,0,2,0,15,15,0,0,0,34,34,0
1061,2,2,2,17,18,18,18,20,2,2,1
1062,2,2,1,17,0,31,0,33,4,11,1
1063,1,2,0,16,21,1,2,3,32,22,0
1064,0,2,1,16,21,3,2,1,32,23,0
1065,0,2,4,14,15,5,5,5,33,17,0
1066,0,2,0,15,18,1,1,1,31,31,0
1067,2,2,3,17,17,3,4,4,23,24,0
1068,2,2,2,2,13,15,19,22,19,4,2
1069,0,2,0,15,21,0,0,0,35,27,0
1070,5,2,8,10,14,14,12,18,15,0,1
1071,5,2,8,10,14,14,12,18,15,0,1
1072,0,2,3,4,16,6,16,16,11,26,3
1073,1,2,2,2,19,15,15,16,1,27,3
1074,0,2,9,0,0,19,6,0,35,30,0
1075,2,2,11,1,2,16,3,3,30,30,0
1076,1,2,2,2,6,6,14,20,22,26,3
1077,1,2,1,12,2,19,3,25,4,31,3
1078,4,2,9,5,1,18,1,32,3,25,3
1079,0,2,2,16,22,16,16,22,2,2,1
1080,1,2,15,19,19,1,11,11,11,11,3
1081,2,2,8,10,3,13,14,15,6,26,3
1082,5,2,10,10,10,10,10,10,10,21,3
1083,1,2,1,1,1,1,1,26,33,33,0
1084,6,2,0,0,0,0,1,32,32,26,0
1085,2,2,5,0,0,0,15,25,0,51,3
1086,1,2,0,0,20,20,21,21,7,6,1
1087,0,2,2,12,3,18,4,24,5,31,3
1088,3,2,5,7,9,9,0,19,21,23,0
1089,1,2,4,5,10,15,21,41,1,1,1
1090,2,2,8,10,13,17,21,21,3,3,1
1091,2,2,5,7,9,11,13,15,16,18,3
1092,1,2,6,11,16,19,2,1,15,26,3
1093,2,2,5,7,9,11,13,15,16,18,3
1094,1,2,2,0,0,24,24,24,24,0,2
1095,0,2,4,16,21,2,4,5,31,16,0
1096,0,2,10,0,0,25,0,0,27,35,0
1097,1,2,1,16,18,20,20,21,1,1,1
1098,1,2,5,7,9,11,13,15,17,19,3
1099,3,2,9,12,16,0,0,0,27,30,0
1100,4,2,9,16,22,0,0,0,28,18,0
1101,4,2,9,17,22,0,0,0,28,18,0
1102,1,2,1,0,2,21,27,5,34,7,2
1103,0,2,1,0,3,22,27,5,34,7,2
1104,3,2,0,0,0,0,0,29,32,33,0
1105,1,2,1,4,7,12,18,24,30,2,2
1106,1,2,3,5,16,21,5,5,21,21,3
1107,2,2,5,5,5,13,17,19,23,8,2
1108,3,2,4,12,13,22,18,13,6,6,1
1109,2,2,2,6,10,2,14,23,14,23,3
1110,0,2,1,1,1,4,9,14,25,44,0
1111,3,2,6,6,12,3,6,29,8,24,3
1112,1,2,1,8,15,16,5,5,25,23,0
1113,0,2,1,6,11,18,27,5,0,30,3
1114,0,2,0,0,0,17,18,18,28,18,2
1115,4,2,12,20,25,7,7,7,7,7,1
1116,2,2,4,7,5,6,29,8,26,10,2
1117,5,2,12,18,26,5,6,7,8,9,3
1118,5,2,5,5,5,10,31,31,2,3,1
1119,0,2,11,12,14,4,24,4,26,4,2
1120,2,2,5,20,30,40,0,0,0,0,1
1121,4,2,4,11,1,11,22,6,5,33,3
1122,1,2,5,7,9,10,12,15,18,20,3
1123,0,2,5,4,10,15,20,20,23,1,2
1124,1,2,5,7,9,11,13,15,17,19,3
1125,2,2,2,12,17,17,17,17,7,7,1
1126,0,2,0,0,0,0,20,23,26,29,0
1127,5,2,7,8,9,11,12,14,15,16,3
1128,1,2,7,11,14,17,2,3,21,22,0
1129,0,2,2,5,17,5,17,17,32,4,2
1130,3,2,3,17,17,17,17,17,3,3,1
1131,2,2,1,2,10,14,1,15,31,23,0
1132,5,2,4,2,5,18,20,19,21,3,2
1133,0,2,0,14,21,1,0,1,32,29,0
1134,6,2,1,1,1,1,1,28,30,30,0
1135,0,2,4,17,21,2,4,5,31,15,0
1136,0,2,0,15,18,2,3,5,33,23,0
1137,0,2,8,0,13,4,6,5,35,27,0
1138,2,2,6,5,5,20,10,25,24,1,2
1139,0,2,17,1,1,16,3,3,28,29,0
1140,1,2,1,11,1,11,3,34,3,34,3
1141,0,2,0,17,19,20,21,23,0,0,1
1142,0,2,1,2,3,22,22,23,3,23,3
1143,0,2,0,10,15,16,17,18,24,0,2
1144,0,2,1,3,18,16,19,13,22,6,2
1145,2,2,3,3,10,12,14,16,18,20,3
1146,0,2,3,4,15,22,1,2,31,20,0
1147,4,2,4,6,0,0,26,26,26,7,2
1148,1,2,1,1,1,19,25,25,25,1,2
1149,3,2,8,10,14,0,26,30,3,3,1
1150,1,2,1,3,13,1,24,12,21,22,3
1151,2,2,6,8,10,12,14,18,14,12,3
1152,0,2,0,0,0,0,20,29,49,0,2
1153,10,2,0,0,0,0,0,29,29,29,0
1154,0,2,5,5,5,7,8,11,20,36,0
1155,4,2,7,2,3,19,3,30,3,27,3
1156,2,2,3,5,8,10,10,15,20,25,3
1157,5,2,1,10,9,12,5,0,18,39,0
1158,0,2,3,3,13,13,21,20,0,25,3
1159,1,2,6,11,21,27,32,0,0,0,1
1160,0,2,0,15,20,20,20,25,0,0,1
1161,1,2,2,2,2,14,20,25,30,3,2
1162,0,2,5,2,12,19,2,2,24,31,0
1163,0,2,2,4,7,15,15,25,3,27,3
1164,0,2,11,3,2,22,2,2,29,28,0
1165,1,2,4,7,13,12,15,3,22,21,3
1166,1,2,5,0,0,14,19,2,24,32,0
1167,1,2,3,6,12,13,18,31,2,13,1
1168,5,2,9,2,18,3,0,0,29,31,0
1169,3,2,5,6,8,14,15,16,18,12,3
1170,1,2,5,6,8,12,19,19,20,7,2
1171,98,2,0,0,0,0,0,0,0,0,3
1172,1,2,2,3,5,13,8,21,13,33,3
1173,0,2,11,14,3,4,5,5,32,24,0
1174,0,2,0,12,0,0,18,29,39,0,2
1175,0,2,5,0,10,16,25,21,20,0,2
1176,7,2,2,11,0,6,24,5,33,10,2
1177,0,2,7,3,5,2,16,17,27,22,0
1178,1,2,1,8,8,16,16,22,22,5,2
1179,0,2,0,10,10,12,14,16,18,20,3
1180,2,2,6,7,9,11,13,14,16,18,3
1181,2,2,3,6,19,15,19,22,11,0,1
1182,0,2,3,1,12,17,2,30,2,31,3
1183,1,2,1,1,1,1,50,25,12,7,1
1184,2,2,2,12,3,3,26,3,26,21,0
1185,1,2,3,6,12,17,16,18,23,3,2
1186,1,2,1,1,18,24,25,26,1,2,1
1187,1,2,2,6,0,0,27,30,33,0,2
1188,0,2,2,16,21,2,3,1,32,22,0
1189,0,2,1,1,22,24,1,4,25,22,0
1190,10,2,0,0,0,0,0,25,36,27,0
1191,1,2,9,12,16,2,2,2,25,28,0
1192,1,2,3,4,4,14,12,19,24,16,2
1193,1,2,8,1,5,5,14,19,8,37,3
1194,0,2,0,5,12,16,18,24,25,0,2
1195,3,2,3,5,16,20,6,19,7,18,3
1196,1,2,11,14,18,22,1,1,1,30,3
1197,2,2,5,5,5,5,20,24,6,26,3
1198,0,2,11,11,1,20,22,33,1,0,1
1199,1,2,5,6,7,5,5,31,5,32,3
1200,0,2,0,0,0,0,10,20,29,39,0
1201,1,2,13,1,1,23,2,3,26,29,0
1202,1,2,1,9,22,24,24,6,6,6,1
1203,1,2,3,2,22,4,3,3,34,25,0
1204,2,2,2,2,2,20,24,24,20,2,2
1205,0,2,1,3,19,10,12,7,12,33,3
1206,1,2,2,16,21,3,2,1,32,21,0
1207,1,2,1,1,1,20,25,30,1,19,1
1208,0,2,5,5,5,10,15,15,15,30,3
1209,0,2,0,2,20,18,2,24,31,2,2
1210,2,2,5,4,11,13,16,6,6,34,3
1211,10,2,1,1,1,1,1,28,28,28,0
1212,0,2,2,6,15,10,27,32,4,3,1
1213,1,2,15,20,20,20,20,1,1,1,1
1214,0,2,10,0,0,0,10,20,25,34,0
1215,2,2,3,6,6,10,10,20,20,20,3
1216,0,2,10,0,2,1,20,29,6,31,3
1217,1,2,3,3,3,17,17,3,20,32,3
1218,0,2,0,1,17,23,27,3,4,24,3
1219,3,2,0,0,0,0,0,30,32,32,0
1220,2,2,4,10,2,24,20,2,3,30,3
1221,2,2,6,3,3,21,21,18,3,21,3
1222,1,2,2,4,6,9,13,17,21,26,3
1223,2,2,8,12,2,21,23,26,2,2,1
1224,2,2,2,2,2,10,14,16,24,26,0
1225,0,2,0,0,18,23,26,1,6,24,3
1226,1,2,1,0,0,20,20,22,35,0,2
1227,6,2,2,2,1,3,6,24,34,21,0
1228,1,2,5,7,9,11,13,15,17,19,3
1229,0,2,0,16,21,1,2,1,34,24,0
1230,2,2,3,11,11,16,16,16,21,2,2
1231,1,2,8,19,6,20,18,22,3,2,1
1232,0,2,2,3,16,19,22,5,6,26,3
1233,0,2,0,10,10,25,25,15,10,5,1
1234,3,2,6,8,15,22,4,3,30,8,2
1235,3,2,7,5,8,9,10,13,20,21,3
1236,0,2,3,12,12,17,12,17,12,12,3
1237,5,2,0,12,0,13,0,29,34,5,2
1238,0,2,3,5,11,13,21,22,14,11,1
1239,1,2,1,1,16,16,2,29,30,3,2
1240,1,2,2,16,20,2,3,1,32,22,0
1241,1,2,1,1,1,15,18,26,34,2,2
1242,1,2,1,1,1,1,1,31,31,31,0
1243,2,2,8,16,20,20,16,8,4,2,1
1244,3,2,5,13,0,0,0,0,36,41,0
1245,2,2,5,7,9,11,13,15,16,18,3
1246,0,2,13,13,14,14,12,12,11,11,3
1247,0,2,0,0,0,14,14,14,32,25,0
1248,1,2,4,6,12,2,16,18,22,17,3
1249,5,2,7,8,12,0,20,22,22,1,2
1250,2,2,2,2,19,19,2,24,26,2,2
1251,3,2,8,15,18,23,30,0,0,0,1
1252,1,2,11,0,0,0,23,28,0,36,3
1253,1,2,1,1,1,1,13,40,40,1,2
1254,0,2,0,0,0,0,12,12,12,63,0
1255,1,2,1,1,20,20,24,1,1,30,3
1256,2,2,4,1,17,6,21,6,36,6,2
1257,2,2,5,7,9,11,13,15,16,18,3
1258,1,2,1,1,1,1,3,27,30,34,0
1259,2,2,5,6,6,6,29,6,6,32,3
1260,4,2,5,0,2,2,18,29,20,19,3
1261,1,2,3,5,7,9,17,21,3,33,3
1262,1,2,3,2,3,12,21,26,26,4,2
1263,0,2,11,14,0,21,25,28,0,0,1
1264,2,2,2,2,2,22,30,30,4,4,1
1265,1,2,4,6,16,17,19,7,7,22,3
1266,1,2,1,15,15,0,0,0,34,33,0
1267,2,2,2,4,5,15,15,15,20,20,3
1268,2,2,2,6,8,16,26,34,2,2,1
1269,6,2,1,1,1,0,0,30,30,30,0
1270,1,2,3,12,18,21,18,12,10,3,1
1271,1,2,0,3,3,22,2,32,33,3,2
1272,0,2,2,13,21,5,8,13,34,3,2
1273,2,2,2,2,2,10,25,25,25,5,2
1274,2,2,3,3,22,22,32,4,4,6,1
1275,1,2,0,0,17,20,25,35,0,0,1
1276,0,2,4,10,5,15,25,10,0,30,3
1277,2,2,6,9,11,14,16,18,20,0,2
1278,2,2,3,7,10,14,19,22,19,3,2
1279,0,2,1,13,1,19,2,31,2,30,3
1280,2,2,0,0,0,0,0,9,41,46,0
1281,3,2,8,10,13,3,25,27,4,4,1
1282,1,2,14,22,1,12,12,12,11,11,3
1283,2,2,5,10,0,0,24,24,34,0,2
1284,0,2,4,12,15,4,27,33,3,1,1
1285,2,2,3,5,5,7,8,26,26,16,2
1286,1,2,3,4,5,9,20,21,5,30,3
1287,1,2,0,25,1,1,25,25,17,2,2
1288,0,2,5,10,5,4,15,10,25,25,0
1289,1,2,1,1,1,6,13,19,25,32,0
1290,4,2,4,12,2,18,19,28,5,5,1
1291,4,2,8,6,7,15,18,6,18,14,3
1292,4,2,7,1,1,15,18,21,18,14,3
1293,1,2,1,7,10,10,20,0,20,30,3
1294,3,2,7,11,14,16,19,22,3,3,1
1295,5,2,5,7,22,23,22,2,2,10,1
1296,0,2,3,8,5,19,19,20,20,3,2
1297,3,2,3,3,3,3,3,26,26,27,0
1298,1,2,1,1,1,1,23,69,1,1,1
1299,3,2,1,9,18,13,15,20,11,7,1
1300,0,2,2,16,21,2,3,1,32,22,0
1301,2,2,3,5,5,8,10,15,20,30,0
1302,1,2,1,5,5,15,16,1,24,31,0
1303,1,2,4,10,21,12,26,16,4,4,1
1304,2,2,6,9,0,3,3,21,24,29,0
1305,3,2,7,4,4,24,5,34,8,8,1
1306,0,2,1,14,7,7,17,22,23,9,2
1307,1,2,1,6,6,12,16,21,31,5,2
1308,2,2,1,1,1,13,22,34,24,1,2
1309,2,2,10,10,10,5,20,30,5,5,1
1310,4,2,9,11,17,19,0,0,0,38,3
1311,1,2,8,16,16,5,14,15,18,5,2
1312,1,2,1,8,1,13,15,17,19,21,3
1313,0,2,0,18,18,2,2,2,33,24,0
1314,1,2,4,8,10,12,13,15,17,18,3
1315,0,2,2,16,21,2,3,1,32,22,0
1316,0,2,3,3,16,6,16,21,4,30,3
1317,1,2,0,0,0,0,10,26,28,32,0
